inf;1.188056676599409656e+01;inf;inf;inf;inf;inf;inf
inf;inf;8.185897911915677838e+00;inf;1.023083254524841834e+01;inf;1.517713782486178609e+01;inf
inf;inf;inf;1.069799608587750939e+01;inf;inf;inf;inf
inf;inf;1.023605541315964551e+01;inf;1.035256174046903510e+01;inf;inf;1.547333489020190811e+01
inf;inf;inf;5.106719369908864437e+00;inf;1.367081805310175646e+01;1.584614765152501192e+01;1.204943344194411026e+01
inf;inf;inf;inf;1.346824637237707734e+01;inf;1.032466885150860492e+01;4.163573023376136995e+00
inf;inf;inf;4.258991601047813269e+00;1.538201122113544450e+01;1.966205475172178296e+01;inf;8.730464744126360088e+00
0.000000000000000000e+00;inf;4.438315222784210867e+00;inf;inf;inf;1.283533694524711599e+01;inf
